{
  "citation": "",
  "description": "",
  "features": {
    "ind": {
      "dtype": "int64",
      "_type": "Value"
    },
    "activity_label": {
      "dtype": "string",
      "_type": "Value"
    },
    "ctx_a": {
      "dtype": "string",
      "_type": "Value"
    },
    "ctx_b": {
      "dtype": "string",
      "_type": "Value"
    },
    "ctx": {
      "dtype": "string",
      "_type": "Value"
    },
    "endings": {
      "feature": {
        "dtype": "string",
        "_type": "Value"
      },
      "_type": "Sequence"
    },
    "source_id": {
      "dtype": "string",
      "_type": "Value"
    },
    "split": {
      "dtype": "string",
      "_type": "Value"
    },
    "split_type": {
      "dtype": "string",
      "_type": "Value"
    },
    "label": {
      "dtype": "string",
      "_type": "Value"
    },
    "pred": {
      "Min_10.0% Prob": {
        "dtype": "float64",
        "_type": "Value"
      },
      "Min_20.0% Prob": {
        "dtype": "float64",
        "_type": "Value"
      },
      "Min_30.0% Prob": {
        "dtype": "float64",
        "_type": "Value"
      },
      "Min_40.0% Prob": {
        "dtype": "float64",
        "_type": "Value"
      },
      "Min_5.0% Prob": {
        "dtype": "float64",
        "_type": "Value"
      },
      "Min_50.0% Prob": {
        "dtype": "float64",
        "_type": "Value"
      },
      "Min_60.0% Prob": {
        "dtype": "float64",
        "_type": "Value"
      },
      "ppl": {
        "dtype": "float64",
        "_type": "Value"
      },
      "ppl/Ref_ppl (calibrate PPL to the reference model)": {
        "dtype": "float64",
        "_type": "Value"
      },
      "ppl/lowercase_ppl": {
        "dtype": "float64",
        "_type": "Value"
      },
      "ppl/zlib": {
        "dtype": "float64",
        "_type": "Value"
      }
    }
  },
  "homepage": "",
  "license": ""
}